Sample identifier,Sample Name,formation,minerology,composite height,d13C ,d18O,Through Rad Sr Columns,Through Stable Sr Columns,rsWheel Number,rsDate,rsSample mass for analysis (600 ng Sr),87/86Sr,rsInternal Precision,rsRep 1 Wheel #,rsRep 1 date,rsRep1 87/86Sr,rsRep 1 internal precision,rsRep 2 Wheel #,rsRep 2 date,rsRep 2 88/86,rsRep 2 internal precision,,,,ssSample mass for analysis,ssSpike mass for analysis,,Wheel #,Date run on TIMS,88/86Sr,Internal Precision,,Rep 1 Wheel #,ssRep 1 date,ssRep 1 ,ssRep 1 internal precision,,CaSample mass for analysis (g) ,Ca spike mass (g),thru columns w Tia,Wheel #,Date run on TIMS,44/40Ca,Internal Precision,,Rep 1 Wheel #,CaRep 1 date,CaRep 1 ,CaRep 1 internal precision,Sr ppm,Ca ppm,Mg ppm,Mn ppm,SrCa (ppm/ppm),Mn/Sr (ppm/ppm),d44 higgins,Primary minerology,Sr/Ca (mmol/mol),Mg/Ca (mmol/mol),Mn/Ca (Î¼mol/mol),Mn/Sr (mmol/mmol),Mountain composite height
MDE2 154.7,SO1,Shuram,Calcite,490.70,-11.30,-8.58,,,W968,5/12/21,0.57781,0.70911,1.00E-05,,,,,,,,,,,,0.57292,0.61162,,W974,6/4/21,0.321,0.00800,,,,,,,0.031942,0.59769,,957,3/18/21,-0.875,0.023,,,,,,245.244,2868.71,31.95,28.544,0.085,0.1164,,Primary Calcite,,,,,
MDE 293,SO2,Khufai,Dolomite,340.30,-6.16,-6.70,12/7/20,,W941,1/5/21,1.82895,0.70885,6.00E-06,,,,,,,,,,,,1.80109,0.59702,,W974,6/4/21,0.346,0.00800,,,,,,,0.03804,0.60704,,W951,2/9/21,-0.757,0.022,,,,,,77.490,2401.30,366.31,1.773,0.032,0.0229,,Dolomite,,,,,
MDE 287.5,SO3,Khufai,Dolomite,337.10,1.04,-5.62,,,,,0.59883,,,,,,,,,,,,,,1.02216,0.59963,,W976,6/11,,,,,,,,,0.04855,0.58718,,W953,2/24/21,-0.707,0.022,,,,,,118.784,2107.82,1186.71,3.411,0.056,0.0287,,Dolomite,"meh, potential re run",,,,
MDE 293.4,SO4,Khufai,Dolomite,343.00,-8.56,-6.56,,,W968,5/12/21,0.88675,0.70921,1.00E-05,,,,,,,,,,,,0.88311,0.5978,,W972,6/1/21,0.301,0.00802,,,,,,,0.05634,0.59128,,W953,2/24/21,-0.893,0.024,,,,,,157.854,1570.12,894.91,4.286,0.101,0.0272,,Dolomite,,,,,
MDE 291.1,SO5,Khufai,Dolomite,340.70,-1.92,-5.85,,,W968,5/12/21,0.76336,0.70860,1.00E-05,,,,,,,,,,,,0.76316,0.61805,,W972,6/1/21,0.240,0.00763,,,,,,,0.05667,0.58045,,W951,2/9/21,-0.606,0.022,,,,,,180.536,1577.63,885.75,3.520,0.114,0.0195,,Dolomite,,,,,
MDE2 1.7,SO6_A,Khufai,Dolomite,337.70,-0.29,-5.52,,,W978,6/14/21,0.5918,0.70861,7.00E-06,,,,,,,,,,,,0.598,0.61082,,W1026,2/8/22,0.174,0.00743,,W1026,2/8/22,0.1742694,0.0074262,,0.0489,0.58888,,W953,2/24/21,-0.685,0.025,,,,,,210.061,1990.44,1136.20,5.846,0.106,0.0278,,Dolomite,,,,,
MDE2 1.7,SO6_B,Khufai,Dolomite,337.70,-0.29,-5.52,,,W968,5/12/21,0.30571,0.70863,1.00E-05,,,,,,,,,,,,0.31245,0.6253,,W1026,2/8/22,0.155,0.00775,,W1026,2/8/22,0.1549693,0.0077478,,0.05073,0.57854,,W953,2/24/21,-0.695,0.025,,,,,,429.573,1849.86,1050.99,5.353,0.232,0.0125,,Dolomite,,,,,
MDE2 6.6,SO7,Shuram,Calcite,422.50,-11.47,-8.34,12/7/20,,W968,5/12/21,0.48159,0.70992,1.00E-05,,,,,,,,,,,,0.48608,0.62095,,W1023.1,1/31/22,0.177,0.00718,,,,,,,0.03391,0.63807,,957,3/18/21,-0.857,0.026,,,,,,303.636,2509.48,26.92,17.832,0.121,0.0587,,Primary Calcite,,,,,
MDE2 173.6,SO8,Shuram,Calcite,509.60,-9.36,-8.35,,,W968,5/12/21,0.45000,0.70966,1.00E-05,,,,,,,,,,,,0.44411,0.60408,,W974,6/4/21,0.085,0.00780,,,,,,,0.02952,0.59187,,957,3/18/21,-0.880,0.018,,,,,,284.863,3367.56,33.23,9.950,0.085,0.0349,,Primary Calcite,,,,,
MD6 258.6,SO9,Khufai,Dolomite,340.70,-3.06,-6.34,,,W970,5/24/21,0.83028,0.70875,1.00E-05,,,,,,,,,,,,0.82905,0.60123,,W974,6/4/21,0.170,0.00912,,,,,,,0.05589,0.58506,,W951,2/9/21,-0.724,0.021,,,,,,171.367,1564.21,869.52,8.595,0.110,0.0502,,Dolomite,,,,,
MDS 0.8,SO10,Shuram/Buah,Calcite,578.30,-9.99,-8.85,,,W979,6/14/21,0.66603,0.70892,7.00E-06,,,,,,,,,,,,0.6677,0.60809,,W972,6/1/21,0.308,0.00745,,,,,,,0.02835,0.61458,,W951,2/9/21,-0.860,0.021,,,,,,185.413,3505.08,43.76,11.651,0.053,0.0628,-0.9400,Primary Calcite,,,,,
MDS 21.3,SO11,Shuram/Buah,Calcite,599.60,-9.38,-9.27,,,W978,6/14/21,0.57371,0.70903,6.00E-06,,,,,,,,,,,,0.5661,0.6072,,W974,6/4/21,0.254,0.00721,,,,,,,0.0286,0.58982,,957,3/18/21,-0.850,0.020,,,,,,223.915,3314.37,30.73,11.265,0.068,0.0503,,Primary Calcite,,,,,
MDS 41.5,SO12,Shuram/Buah,Calcite,619.80,-9.32,-9.35,12/7/20,,W941,1/5/21,0.53804,0.70903,7.00E-06,,,,,,,,,,,,0.53208,0.60554,,W972,6/1/21,0.289,0.00741,,,,,,,0.03271,0.57975,,957,3/18/21,-0.838,0.020,,957,3/18/21,-0.8169,0.02852,266.544,2737.12,25.19,7.391,0.097,0.0277,,Primary Calcite,,,,,
MDS 109.6,SO13,Shuram/Buah,Calcite,687.90,-9.06,-7.20,,,W1031,2/21,2.52608,0.70921,1.00E-05,,,,,,,,,,,,0.23445,0.59927,,W972,6/1/21,,,,,,,,,0.03779,0.57812,,W953,2/24/21,-1.042,0.022,,,,,,59.299,21968.35,697.05,60.444,0.003,1.0193,-0.9600,Primary Calcite,,,,,
MDS 181.5,SO14,Shuram/Buah,Calcite,759.90,-7.94,-7.48,,,W978,6/14/21,0.22294,0.70906,7.00E-06,,,,,,,,,,,,0.23461,0.60017,,W1023.1,1/31/22,0.353,0.00855,,,,,,,0.03315,0.57902,,,,,(OUT),,,,,,585.068,2889.36,63.22,6.083,0.202,0.0104,,Primary Aragonite,,,,,
MDS 200.8,SO15,Shuram/Buah,Calcite,778.30,-7.76,-7.78,12/7/20,,W941,1/5/21,0.33248,0.70930,7.00E-06,,,,,,,,,,,,0.33076,0.6096,,W1023.1,1/31/22,0.388,0.00794,,,,,,,0.03869,0.58162,,957,3/18/21,-1.048,0.022,,,,,,433.047,2317.13,30.33,6.435,0.187,0.0149,-1.1200,Primary Aragonite,,,,,
MDS 211.5,SO16,Shuram/Buah,Calcite,789.80,-7.40,-7.30,,,W970,5/24/21,0.22039,0.70881,1.00E-05,,,,,,,,,,,,0.22861,0.61247,,W976,6/11,0.379,0.00689,,W1023.1,1/31/22,0.376718,0.007045,,0.02959,0.5964,,W951,2/9/21,-1.098,0.023,,,,,,63.754,29524.04,292.76,121.570,0.002,1.9069,,Primary Aragonite,,,,,
MDS 223,SO17,Shuram/Buah,Calcite,801.30,-6.80,-6.90,,,,,5.29679,0.70885,1.00E-05,,,,,,,,,,,,0.12299,0.60341,,W974,6/4/21,,,,,,,,,0.03414,0.58577,,W953,2/24/21,-1.210,0.020,,,,,,1168.794,2554.01,61.50,17.379,0.458,0.0149,,Primary Aragonite,,,,,
MDS 228,SO18,Shuram/Buah,Calcite,806.30,-4.90,-7.30,12/7/20,,W941,1/5/21,0.02325,0.70869,6.00E-06,,,,,,,,,,,,0.02812,0.61642,,W972,6/1/21,0.219,0.00962,,W976,6/11,0.240942,0.007628,,0.03138,0.62136,,,,,(OUT),,,,,,6684.490,3042.83,33.66,4.196,2.197,0.0006,,Primary Aragonite,,,,,
MD2 45.2,SO19,Buah,Calcite,845.50,-5.88,-8.51,12/7/20,,W941,1/5/21,0.18067,0.70872,6.00E-06,,,,,,,,,,,,0.17943,0.61363,,W972,6/1/21,0.460,0.00751,,W976,6/11,0.465679,0.008023,,0.02978,0.63385,,W951,2/9/21,-1.353,0.025,,,,,,724.978,3438.35,36.29,6.306,0.211,0.0087,-1.3100,Primary Aragonite,,,,,
WS 7.7,SO20,Shuram,Calcite,518.20,-9.89,-8.48,,,W970,5/24/21,0.62943,0.70895,1.00E-05,,,,,,,,,,,,0.63065,0.59835,,W972,6/1/21,0.315,0.00743,,W976,6/11,0.303452,0.006701,,0.02985,0.61427,,W951,2/9/21,-0.882,0.019,,,,,,206.437,3200.45,40.32,8.423,0.065,0.0408,-0.9700,Primary Calcite,,,,,
WS 6.1,SO21,Shuram,Calcite,516.60,-9.80,-8.30,,,W979,6/14/21,0.7079,0.70913,6.00E-06,W979,,0.709116,0.000006,,,,,,,,0.70762,0.60947,,W974,6/4/21,0.336,0.00812,,W1021,1/24,0.32609,0.00779,,0.03045,0.58613,,W953,2/24/21,-0.883,0.018,,,,,,189.318,2944.41,37.45,8.797,0.064,0.0465,,Primary Calcite,,,,,
Upper Khufai,SO22_A,Khufai,Dolomite,339.70,1.65,-2.63,,,W978,,1.20994,0.70912,6.00E-06,,,,,,,,,,,,1.23931,0.62326,,W1021,1/24/22,0.296,0.00784,,,,,,,0.06356,0.5894,,W951,2/9/21,-0.654,0.023,,,,,,112.806,1461.51,809.92,8.914,0.077,0.0790,,Dolomite,,,,,
Upper Khufai,SO22_B,Khufai,Dolomite,339.70,1.65,-2.63,,,W979,6/14/21,1.6657,0.70856,8.00E-06,W979,,0.708566,0.000008,,,,,,,,1.64168,0.61231,,W1023.1,1/31/22,0.369,0.00748,,,,,,,0.05561,0.59194,,W951,2/9/21,-0.676,0.023,,,,,,82.851,1653.24,936.28,10.334,0.050,0.1247,,Dolomite,,,,,
Procedural Blank,PB1,,,,,,,,,,2.01949,,,,,,,,,,,,,,2.01393,0.03291,,,,,,,,,,,,0.03975,0.58049,,,,,,,,,,,,,,,,,,,,,,,
WM1 59.0,SO23,Shuram,Calcite,,-22.44,-6.91,,,W1031,2/21,0.52414,0.711376,0.000010,,,,,,,,,,,,0.53942,0.61548,,W1026,2/8/22,0.370,0.0081116,,,,,,,0.05808,0.61726,,W1001,11/18/21,-1.08112,0.02302,,,,,,262.936,1520.01,0.00,0.000,0.173,0.0000,,Primary Aragonite,,,,,134.6
WM1 35.8,SO24,Khufai,Calcite,,-1.42,-9.76,,,W1031,2/21,0.26153,0.708186,0.000010,,,,,,,,,,,,0.25929,0.59813,,W1026,2/8/22,-1.902,0.009042,,,,,,,0.07124,0.61461,,W1001,11/18/21,-1.1632,0.02359,,,,,,603.242,1153.09,604.75,164.397,0.523,0.2725,,Primary Aragonite,,,,,90.7
WM1 19.4,SO25A,Khufai,Calcite,,5.38,-9.52,,,W1031,2/21,0.16855,0.711395,0.000010,,,,,,,,,,,,0.17716,0.61747,,W1026,2/8/22,2.511,0.0074672,,,,,,,0.03418,0.61701,,W1001,11/18/21,-1.3192,0.0208,,,,,,938.691,2272.22,76.88,0.466,0.413,0.0005,,Primary Aragonite,,,,,64.2
WM1 19.4,SO25B,Khufai,Calcite,,5.38,-9.52,,,W1031,2/21,0.15239,0.708414,0.000010,,,,,,,,,,,,0.15754,0.62653,,W1026,2/8/22,0.285,0.0081339,,,,,,,0.0268,0.62111,,,,,,,,,,,877.332,3563.41,109.09,0.236,0.246,0.0003,,Primary Aragonite,,,,,64.2
WM1 3.0,SO26,Khufai,Calcite,,-4.16,-7.55,,,,,,,,,,,,,,,,,,,,,,,,,,,,,,,,,,,,,,(OUT),,,,,,37.253,7.57,29.19,0.257,4.921,0.0069,,,,,,,5
MDE 175.3,SO27,Khufai,tbd,222.6,,,,,W1031,2/21,1.3177,0.708512,0.000010,,,,,,,,,,,,1.28246,0.61819,,W1026,2/8/22,0.306,0.0076613,,,,,,,0.04836,0.58981,,W1003_05_06_07,11/24/21,-0.498531,0.024762,,,,,,100.658,1963.82,8.77,0,0.051,0.0000,,tbd,,,,,
MDE 144.6,SO28,Khufai,tbd,191.9,,,,,W1031,2/21,3.45066,0.708336,0.000010,,,,,,,,,,,,3.455,0.60244,,W1026,2/8/22,0.326,0.0076064,,,,,,,0.05356,0.59901,,W1003_05_06_07,11/24/21,-0.663787,0.055099,,,,,,43.361,1458.83,898.46,0.245,0.030,0.0056,,tbd,,,,,
MDE 101.6,SO29,Khufai,Dolomite,148.9,3.08,-3.58,,,W1031,2/21,0.75689,0.708564,0.000010,,,,,,,,,,,,0.76797,0.61984,,W1026,2/8/22,0.175,0.0085683,,,,,,,0.04932,0.59368,,W1039,3/8/22,-0.851266,0.021787,,,,,,179.471,1914.73,848.14,0.294,0.094,0.0016,,Dolomite,,,,,
MDE 83.8,SO30,Khufai,Dolomite,131.1,4.52,-2.86,,,W1031,2/21,2.22753,0.708403,0.000010,,,,,,,,,,,,2.08271,0.59791,,W1026,2/8/22,0.339,0.00767,,W1026,2/8/22,0.3473475,0.0074318,,0.06454,0.61319,,W1003_05_06_07,11/24/21,-0.760402,0.024486,,,,,,82.196,1083.26,844.48,0.395,0.076,0.0048,,Dolomite,,,,,
MDE 14,SO31A,Khufai,Calcite,61.3,3.9,-6.39,,,W1031,2/21,1.96789,0.708688,0.000010,,,,,,,,,,,,1.91353,0.61934,,W1026,2/8/22,0.311,0.0082074,,,,,,,0.04423,0.60776,,W1008,11/30/21,-1.0317,0.0212,,W1003_05_06_07,11/24/21,-1.034835,0.023644,67.200,2168.81,852.97,0.504,0.031,0.0075,,Primary Calcite,,,,,
MDE 14,SO31B,Khufai,Calcite,61.3,3.9,-6.39,,,W1031,2/21,4.07033,0.708859,0.000010,,,,,,,,,,,,3.97591,0.62877,,W1043,3/18/22,0.483,0.006663,,,,,,,0.04928,0.59738,,W1003_05_06_07,11/24/21,-1.026809,0.019669,,,,,,30.169,1899.64,1074.20,4.317,0.016,0.1431,,Primary Calcite,,,,,
S100401-01,,Dengying,limestone,,4.12,,,,,,,,,,,,,,,,,,,,,,,,,,,,,,,,,,,,,,,,,,,,,,,,,,0.071,,,,,,,
S100502-01,,Dengying,limestone,,4.31,,,,,,,0.708456,,,,,,,,,,,,,,,,,,0.370,,,,,,,,,,,,,,,,,,,,,,,,,0.049,,,,,,,
S100511-01,,Dengying,limestone,,4.10,,,,,,,,,,,,,,,,,,,,,,,,,,,,,,,,,,,,,,,,,,,,,,,,,,0.001,,,,,,,
S100511-02,,Dengying,limestone,,4.64,,,,,,,,,,,,,,,,,,,,,,,,,,,,,,,,,,,,,,,,,,,,,,,,,,0.004,,,,,,,
S100801-01,,Dengying,limestone,,3.84,,,,,,,0.708403,,,,,,,,,,,,,,,,,,NA,,,,,,,,,,,,,,,,,,,,,,,,,0.005,,,,,,,
S100801-02,,Dengying,limestone,,4.11,,,,,,,0.708415,,,,,,,,,,,,,,,,,,0.540,,,,,,,,,,,,,,,,,,,,,,,,,0.001,,,,,,,
S101005-01,,Dengying,limestone,,4.06,,,,,,,,,,,,,,,,,,,,,,,,,,,,,,,,,,,,,,,,,,,,,,,,,,0.000,,,,,,,
S101005-02,,Dengying,limestone,,4.56,,,,,,,0.708371,,,,,,,,,,,,,,,,,,0.180,,,,,,,,,,,,,,,,,,,,,,,,,0.000,,,,,,,
S101207-02,,Dengying,limestone,,4.90,,,,,,,0.70839,,,,,,,,,,,,,,,,,,0.270,,,,,,,,,,,,,,,,,,,,,,,,,0.000,,,,,,,
S101207-01,,Dengying,limestone,,4.97,,,,,,,,,,,,,,,,,,,,,,,,,,,,,,,,,,,,,,,,,,,,,,,,,,0.001,,,,,,,
S101301-01,,Dengying,limestone,,5.10,,,,,,,0.708481,,,,,,,,,,,,,,,,,,0.660,,,,,,,,,,,,,,,,,,,,,,,,,0.002,,,,,,,
S101502-01,,Dengying,limestone,,4.91,,,,,,,,,,,,,,,,,,,,,,,,,,,,,,,,,,,,,,,,,,,,,,,,,,0.001,,,,,,,
S101608-01,,Dengying,limestone,,5.31,,,,,,,0.708421,,,,,,,,,,,,,,,,,,0.440,,,,,,,,,,,,,,,,,,,,,,,,,0.003,,,,,,,
S101608-02,,Dengying,limestone,,4.80,,,,,,,,,,,,,,,,,,,,,,,,,,,,,,,,,,,,,,,,,,,,,,,,,,0.005,,,,,,,
S101802-01,,Dengying,limestone,,5.13,,,,,,,0.708518,,,,,,,,,,,,,,,,,,NA,,,,,,,,,,,,,,,,,,,,,,,,,0.019,,,,,,,
S101901A2-1,,Dengying,limestone,,4.84,,,,,,,,,,,,,,,,,,,,,,,,,,,,,,,,,,,,,,,,,,,,,,,,,,0.003,,,,,,,
S101901A2-2,,Dengying,limestone,,7.13,,,,,,,,,,,,,,,,,,,,,,,,,,,,,,,,,,,,,,,,,,,,,,,,,,0.024,,,,,,,
S102403-03,,Dengying,dolostone,,1.15,,,,,,,,,,,,,,,,,,,,,,,,,,,,,,,,,,,,,,,,,,,,,,,,,,0.611,,,,,,,
S102403-02,,Dengying,dolostone,,1.70,,,,,,,0.708847,,,,,,,,,,,,,,,,,,NA,,,,,,,,,,,,,,,,,,,,,,,,,1.115,,,,,,,
S102403-05,,Dengying,dolostone,,1.50,,,,,,,,,,,,,,,,,,,,,,,,,,,,,,,,,,,,,,,,,,,,,,,,,,0.386,,,,,,,
S102403-06,,Dengying,dolostone,,2.87,,,,,,,,,,,,,,,,,,,,,,,,,,,,,,,,,,,,,,,,,,,,,,,,,,0.921,,,,,,,
S102403-04,,Dengying,dolostone,,1.77,,,,,,,,,,,,,,,,,,,,,,,,,,,,,,,,,,,,,,,,,,,,,,,,,,0.601,,,,,,,
S102403-01,,Dengying,dolostone,,2.53,,,,,,,0.710266,,,,,,,,,,,,,,,,,,NA,,,,,,,,,,,,,,,,,,,,,,,,,1.309,,,,,,,
S102804-01,,Dengying,dolostone,,1.66,,,,,,,,,,,,,,,,,,,,,,,,,,,,,,,,,,,,,,,,,,,,,,,,,,1.302,,,,,,,
S102903-01,,Dengying,dolostone,,2.82,,,,,,,0.708545,,,,,,,,,,,,,,,,,,0.210,,,,,,,,,,,,,,,,,,,,,,,,,0.665,,,,,,,
S103204-01,,Dengying,dolostone,,1.83,,,,,,,,,,,,,,,,,,,,,,,,,,,,,,,,,,,,,,,,,,,,,,,,,,2.363,,,,,,,
S103306-01,,Dengying,dolostone,,1.21,,,,,,,0.708495,,,,,,,,,,,,,,,,,,0.210,,,,,,,,,,,,,,,,,,,,,,,,,0.512,,,,,,,
S103704-01,,Dengying,dolostone,,1.64,,,,,,,0.708566,,,,,,,,,,,,,,,,,,0.150,,,,,,,,,,,,,,,,,,,,,,,,,0.631,,,,,,,
S103704-02,,Dengying,dolostone,,1.40,,,,,,,,,,,,,,,,,,,,,,,,,,,,,,,,,,,,,,,,,,,,,,,,,,4.414,,,,,,,
S103704-03,,Dengying,dolostone,,0.74,,,,,,,,,,,,,,,,,,,,,,,,,,,,,,,,,,,,,,,,,,,,,,,,,,7.373,,,,,,,
S103903-01,,Dengying,dolostone,,-0.34,,,,,,,,,,,,,,,,,,,,,,,,,,,,,,,,,,,,,,,,,,,,,,,,,,12.295,,,,,,,
S104001-01,,Dengying,dolostone,,NA,,,,,,,,,,,,,,,,,,,,,,,,,,,,,,,,,,,,,,,,,,,,,,,,,,14.885,,,,,,,
S104002-02,,Dengying,dolostone,,-0.84,,,,,,,0.710302,,,,,,,,,,,,,,,,,,NA,,,,,,,,,,,,,,,,,,,,,,,,,6.664,,,,,,,
S104002-01,,Dengying,dolostone,,-0.66,,,,,,,0.709589,,,,,,,,,,,,,,,,,,NA,,,,,,,,,,,,,,,,,,,,,,,,,7.556,,,,,,,
S104203-01,,Doushantuo,limestone,,-5.05,,,,,,,,,,,,,,,,,,,,,,,,,,,,,,,,,,,,,,,,,,,,,,,,,,2.820,,,,,,,
S104401-01,,Doushantuo,dolostone,,-4.38,,,,,,,,,,,,,,,,,,,,,,,,,,,,,,,,,,,,,,,,,,,,,,,,,,4.572,,,,,,,
S104504-02,,Doushantuo,limestone,,-7.27,,,,,,,0.709815,,,,,,,,,,,,,,,,,,NA,,,,,,,,,,,,,,,,,,,,,,,,,1.101,,,,,,,
S104504-01,,Doushantuo,dolostone,,-3.89,,,,,,,,,,,,,,,,,,,,,,,,,,,,,,,,,,,,,,,,,,,,,,,,,,1.396,,,,,,,
S104805-01,,Doushantuo,limestone,,-7.68,,,,,,,0.708993,,,,,,,,,,,,,,,,,,0.330,,,,,,,,,,,,,,,,,,,,,,,,,0.255,,,,,,,
S105102-01,,Doushantuo,limestone,,-6.43,,,,,,,,,,,,,,,,,,,,,,,,,,,,,,,,,,,,,,,,,,,,,,,,,,1.079,,,,,,,
S105102-02,,Doushantuo,limestone,,-7.87,,,,,,,,,,,,,,,,,,,,,,,,,,,,,,,,,,,,,,,,,,,,,,,,,,0.222,,,,,,,
S105113-01,,Doushantuo,limestone,,-7.93,,,,,,,0.708919,,,,,,,,,,,,,,,,,,0.140,,,,,,,,,,,,,,,,,,,,,,,,,0.217,,,,,,,
S105113-02,,Doushantuo,limestone,,-6.66,,,,,,,,,,,,,,,,,,,,,,,,,,,,,,,,,,,,,,,,,,,,,,,,,,0.913,,,,,,,
S105202B-01,,Doushantuo,limestone,,-8.17,,,,,,,,,,,,,,,,,,,,,,,,,,,,,,,,,,,,,,,,,,,,,,,,,,0.206,,,,,,,
S105303-01,,Doushantuo,limestone,,-7.57,,,,,,,0.709054,,,,,,,,,,,,,,,,,,NA,,,,,,,,,,,,,,,,,,,,,,,,,0.281,,,,,,,
S105416-01,,Doushantuo,limestone,,-8.11,,,,,,,0.709035,,,,,,,,,,,,,,,,,,0.160,,,,,,,,,,,,,,,,,,,,,,,,,0.165,,,,,,,
S105416-02,,Doushantuo,limestone,,-6.96,,,,,,,,,,,,,,,,,,,,,,,,,,,,,,,,,,,,,,,,,,,,,,,,,,0.429,,,,,,,
S105601A-01,,Doushantuo,limestone,,-7.99,,,,,,,,,,,,,,,,,,,,,,,,,NA,,,,,,,,,,,,,,,,,,,,,,,,,0.260,,,,,,,
S105801-01,,Doushantuo,limestone,,-8.07,,,,,,,0.70906,,,,,,,,,,,,,,,,,,0.610,,,,,,,,,,,,,,,,,,,,,,,,,0.221,,,,,,,
S105801-02,,Doushantuo,limestone,,-8.04,,,,,,,,,,,,,,,,,,,,,,,,,,,,,,,,,,,,,,,,,,,,,,,,,,0.244,,,,,,,
S105809-01,,Doushantuo,limestone,,-8.90,,,,,,,0.708906,,,,,,,,,,,,,,,,,,0.270,,,,,,,,,,,,,,,,,,,,,,,,,0.135,,,,,,,
S105905-01,,Doushantuo,limestone,,-8.71,,,,,,,,,,,,,,,,,,,,,,,,,,,,,,,,,,,,,,,,,,,,,,,,,,0.188,,,,,,,
S105914A-01,,Doushantuo,limestone,,-8.99,,,,,,,0.708926,,,,,,,,,,,,,,,,,,0.270,,,,,,,,,,,,,,,,,,,,,,,,,0.194,,,,,,,
S105921A-01,,Doushantuo,limestone,,-8.82,,,,,,,,,,,,,,,,,,,,,,,,,,,,,,,,,,,,,,,,,,,,,,,,,,0.214,,,,,,,
S105921B-01,,Doushantuo,limestone,,-9.12,,,,,,,,,,,,,,,,,,,,,,,,,,,,,,,,,,,,,,,,,,,,,,,,,,0.226,,,,,,,
S106015-01,,Doushantuo,limestone,,-8.94,,,,,,,0.708862,,,,,,,,,,,,,,,,,,0.120,,,,,,,,,,,,,,,,,,,,,,,,,0.230,,,,,,,
S106207-01,,Doushantuo,limestone,,-8.48,,,,,,,0.709226,,,,,,,,,,,,,,,,,,0.560,,,,,,,,,,,,,,,,,,,,,,,,,0.384,,,,,,,
S106303A-01,,Doushantuo,dolostone,,-7.78,,,,,,,0.711022,,,,,,,,,,,,,,,,,,NA,,,,,,,,,,,,,,,,,,,,,,,,,1.606,,,,,,,
S106306B-01,,Doushantuo,dolostone,,-8.38,,,,,,,,,,,,,,,,,,,,,,,,,,,,,,,,,,,,,,,,,,,,,,,,,,5.575,,,,,,,
S106308-01,,Doushantuo,dolostone,,-8.39,,,,,,,,,,,,,,,,,,,,,,,,,,,,,,,,,,,,,,,,,,,,,,,,,,5.624,,,,,,,
S106309-01,,Doushantuo,dolostone,,-8.17,,,,,,,,,,,,,,,,,,,,,,,,,,,,,,,,,,,,,,,,,,,,,,,,,,6.021,,,,,,,
S106401-01,,Doushantuo,dolostone,,-7.76,,,,,,,,,,,,,,,,,,,,,,,,,,,,,,,,,,,,,,,,,,,,,,,,,,4.520,,,,,,,
S106403-01,,Doushantuo,dolostone,,-8.11,,,,,,,,,,,,,,,,,,,,,,,,,,,,,,,,,,,,,,,,,,,,,,,,,,4.991,,,,,,,
S106404-01,,Doushantuo,dolostone,,-7.99,,,,,,,,,,,,,,,,,,,,,,,,,,,,,,,,,,,,,,,,,,,,,,,,,,8.013,,,,,,,
S106407-01,,Doushantuo,dolostone,,-8.30,,,,,,,0.711134,,,,,,,,,,,,,,,,,,NA,,,,,,,,,,,,,,,,,,,,,,,,,3.293,,,,,,,
S106408-01,,Doushantuo,dolostone,,-8.56,,,,,,,,,,,,,,,,,,,,,,,,,,,,,,,,,,,,,,,,,,,,,,,,,,4.320,,,,,,,
S106410-01,,Doushantuo,dolostone,,-8.14,,,,,,,,,,,,,,,,,,,,,,,,,,,,,,,,,,,,,,,,,,,,,,,,,,5.049,,,,,,,
S106501-01,,Doushantuo,dolostone,,-7.73,,,,,,,,,,,,,,,,,,,,,,,,,,,,,,,,,,,,,,,,,,,,,,,,,,3.857,,,,,,,
S106502-01,,Doushantuo,dolostone,,-7.56,,,,,,,,,,,,,,,,,,,,,,,,,,,,,,,,,,,,,,,,,,,,,,,,,,2.198,,,,,,,
S106503-01,,Doushantuo,dolostone,,-7.37,,,,,,,,,,,,,,,,,,,,,,,,,,,,,,,,,,,,,,,,,,,,,,,,,,1.943,,,,,,,
S106504-01,,Doushantuo,dolostone,,-7.21,,,,,,,,,,,,,,,,,,,,,,,,,,,,,,,,,,,,,,,,,,,,,,,,,,2.167,,,,,,,
S106504-02,,Doushantuo,dolostone,,-7.15,,,,,,,,,,,,,,,,,,,,,,,,,,,,,,,,,,,,,,,,,,,,,,,,,,2.399,,,,,,,
S106505-01,,Doushantuo,dolostone,,-6.78,,,,,,,,,,,,,,,,,,,,,,,,,,,,,,,,,,,,,,,,,,,,,,,,,,1.939,,,,,,,
S106506-01,,Doushantuo,dolostone,,-6.75,,,,,,,,,,,,,,,,,,,,,,,,,,,,,,,,,,,,,,,,,,,,,,,,,,2.299,,,,,,,
S106506-02,,Doushantuo,dolostone,,-6.65,,,,,,,0.710636,,,,,,,,,,,,,,,,,,NA,,,,,,,,,,,,,,,,,,,,,,,,,3.595,,,,,,,
S106507-01,,Doushantuo,dolostone,,-6.48,,,,,,,,,,,,,,,,,,,,,,,,,,,,,,,,,,,,,,,,,,,,,,,,,,2.481,,,,,,,
S106508-01,,Doushantuo,dolostone,,-6.30,,,,,,,,,,,,,,,,,,,,,,,,,,,,,,,,,,,,,,,,,,,,,,,,,,2.181,,,,,,,
S106508-02,,Doushantuo,dolostone,,-7.32,,,,,,,,,,,,,,,,,,,,,,,,,,,,,,,,,,,,,,,,,,,,,,,,,,2.557,,,,,,,
S106509-01,,Doushantuo,dolostone,,-7.28,,,,,,,,,,,,,,,,,,,,,,,,,,,,,,,,,,,,,,,,,,,,,,,,,,3.268,,,,,,,
S106601-01,,Doushantuo,dolostone,,-6.58,,,,,,,,,,,,,,,,,,,,,,,,,,,,,,,,,,,,,,,,,,,,,,,,,,3.632,,,,,,,
S106601-02,,Doushantuo,dolostone,,-5.97,,,,,,,,,,,,,,,,,,,,,,,,,,,,,,,,,,,,,,,,,,,,,,,,,,5.626,,,,,,,
S106602-01,,Doushantuo,dolostone,,-5.70,,,,,,,,,,,,,,,,,,,,,,,,,,,,,,,,,,,,,,,,,,,,,,,,,,4.311,,,,,,,
S106603-01,,Doushantuo,dolostone,,-5.95,,,,,,,,,,,,,,,,,,,,,,,,,,,,,,,,,,,,,,,,,,,,,,,,,,7.338,,,,,,,
S106603-02,,Doushantuo,dolostone,,-5.52,,,,,,,,,,,,,,,,,,,,,,,,,,,,,,,,,,,,,,,,,,,,,,,,,,9.725,,,,,,,
S106604-01,,Doushantuo,dolostone,,-5.25,,,,,,,,,,,,,,,,,,,,,,,,,,,,,,,,,,,,,,,,,,,,,,,,,,9.112,,,,,,,
S106604-02,,Doushantuo,dolostone,,-4.99,,,,,,,,,,,,,,,,,,,,,,,,,,,,,,,,,,,,,,,,,,,,,,,,,,10.562,,,,,,,
S106605-01,,Doushantuo,dolostone,,-4.89,,,,,,,,,,,,,,,,,,,,,,,,,,,,,,,,,,,,,,,,,,,,,,,,,,10.212,,,,,,,
S106606-01,,Doushantuo,dolostone,,-4.37,,,,,,,,,,,,,,,,,,,,,,,,,,,,,,,,,,,,,,,,,,,,,,,,,,8.176,,,,,,,
S106606-02,,Doushantuo,dolostone,,-4.10,,,,,,,,,,,,,,,,,,,,,,,,,,,,,,,,,,,,,,,,,,,,,,,,,,7.131,,,,,,,
S106801-01,,Doushantuo,limestone,,-0.31,,,,,,,,,,,,,,,,,,,,,,,,,,,,,,,,,,,,,,,,,,,,,,,,,,5.537,,,,,,,
S106805-01,,Doushantuo,dolostone,,-0.27,,,,,,,,,,,,,,,,,,,,,,,,,,,,,,,,,,,,,,,,,,,,,,,,,,5.255,,,,,,,
S107001-01,,Doushantuo,dolostone,,0.65,,,,,,,,,,,,,,,,,,,,,,,,,,,,,,,,,,,,,,,,,,,,,,,,,,5.581,,,,,,,
S107101-01,,Doushantuo,dolostone,,0.93,,,,,,,,,,,,,,,,,,,,,,,,,,,,,,,,,,,,,,,,,,,,,,,,,,5.093,,,,,,,
S107201-01,,Doushantuo,limestone,,0.95,,,,,,,,,,,,,,,,,,,,,,,,,,,,,,,,,,,,,,,,,,,,,,,,,,3.577,,,,,,,
S107302-01,,Doushantuo,dolostone,,2.31,,,,,,,,,,,,,,,,,,,,,,,,,,,,,,,,,,,,,,,,,,,,,,,,,,4.192,,,,,,,
S107401-01,,Doushantuo,dolostone,,3.14,,,,,,,,,,,,,,,,,,,,,,,,,,,,,,,,,,,,,,,,,,,,,,,,,,3.781,,,,,,,
S107403-01,,Doushantuo,dolostone,,3.05,,,,,,,,,,,,,,,,,,,,,,,,,,,,,,,,,,,,,,,,,,,,,,,,,,3.849,,,,,,,
S107504-01,,Doushantuo,dolostone,,4.34,,,,,,,,,,,,,,,,,,,,,,,,,,,,,,,,,,,,,,,,,,,,,,,,,,2.091,,,,,,,
S107603-01,,Doushantuo,dolostone,,4.09,,,,,,,,,,,,,,,,,,,,,,,,,,,,,,,,,,,,,,,,,,,,,,,,,,3.008,,,,,,,
S107607-01,,Doushantuo,dolostone,,4.47,,,,,,,,,,,,,,,,,,,,,,,,,,,,,,,,,,,,,,,,,,,,,,,,,,2.031,,,,,,,
S107701-01,,Doushantuo,dolostone,,4.39,,,,,,,,,,,,,,,,,,,,,,,,,,,,,,,,,,,,,,,,,,,,,,,,,,2.302,,,,,,,
S107703-01,,Doushantuo,dolostone,,4.38,,,,,,,,,,,,,,,,,,,,,,,,,,,,,,,,,,,,,,,,,,,,,,,,,,2.343,,,,,,,
S107703-02,,Doushantuo,dolostone,,4.42,,,,,,,,,,,,,,,,,,,,,,,,,,,,,,,,,,,,,,,,,,,,,,,,,,2.450,,,,,,,
S107706-01,,Doushantuo,dolostone,,4.83,,,,,,,0.708771,,,,,,,,,,,,,,,,,,NA,,,,,,,,,,,,,,,,,,,,,,,,,3.332,,,,,,,
S107803-01,,Doushantuo,dolostone,,4.62,,,,,,,,,,,,,,,,,,,,,,,,,,,,,,,,,,,,,,,,,,,,,,,,,,2.977,,,,,,,
S107804-01,,Doushantuo,dolostone,,4.42,,,,,,,,,,,,,,,,,,,,,,,,,,,,,,,,,,,,,,,,,,,,,,,,,,3.202,,,,,,,
S107901-01,,Doushantuo,dolostone,,4.84,,,,,,,,,,,,,,,,,,,,,,,,,,,,,,,,,,,,,,,,,,,,,,,,,,2.709,,,,,,,
S107903-01,,Doushantuo,dolostone,,4.83,,,,,,,,,,,,,,,,,,,,,,,,,,,,,,,,,,,,,,,,,,,,,,,,,,2.473,,,,,,,
S107903-02,,Doushantuo,dolostone,,4.76,,,,,,,,,,,,,,,,,,,,,,,,,,,,,,,,,,,,,,,,,,,,,,,,,,2.327,,,,,,,
S107904-01,,Doushantuo,dolostone,,4.54,,,,,,,,,,,,,,,,,,,,,,,,,,,,,,,,,,,,,,,,,,,,,,,,,,2.219,,,,,,,
S107905-01,,Doushantuo,dolostone,,4.92,,,,,,,,,,,,,,,,,,,,,,,,,,,,,,,,,,,,,,,,,,,,,,,,,,2.393,,,,,,,
S107906-01,,Doushantuo,dolostone,,4.96,,,,,,,,,,,,,,,,,,,,,,,,,,,,,,,,,,,,,,,,,,,,,,,,,,1.925,,,,,,,
S107906-02,,Doushantuo,dolostone,,4.40,,,,,,,,,,,,,,,,,,,,,,,,,,,,,,,,,,,,,,,,,,,,,,,,,,2.065,,,,,,,
S108001-01,,Doushantuo,dolostone,,4.73,,,,,,,0.708837,,,,,,,,,,,,,,,,,,0.450,,,,,,,,,,,,,,,,,,,,,,,,,1.032,,,,,,,
S108001-02,,Doushantuo,dolostone,,4.34,,,,,,,,,,,,,,,,,,,,,,,,,,,,,,,,,,,,,,,,,,,,,,,,,,1.344,,,,,,,
S108003-01,,Doushantuo,dolostone,,4.58,,,,,,,,,,,,,,,,,,,,,,,,,,,,,,,,,,,,,,,,,,,,,,,,,,1.194,,,,,,,
S108004-05-01,,Doushantuo,dolostone,,4.40,,,,,,,,,,,,,,,,,,,,,,,,,,,,,,,,,,,,,,,,,,,,,,,,,,1.501,,,,,,,
S108004-05-02,,Doushantuo,dolostone,,4.31,,,,,,,,,,,,,,,,,,,,,,,,,,,,,,,,,,,,,,,,,,,,,,,,,,1.607,,,,,,,
S108006-01,,Doushantuo,dolostone,,4.15,,,,,,,,,,,,,,,,,,,,,,,,,,,,,,,,,,,,,,,,,,,,,,,,,,1.757,,,,,,,
S108101A-01,,Doushantuo,dolostone,,4.27,,,,,,,,,,,,,,,,,,,,,,,,,,,,,,,,,,,,,,,,,,,,,,,,,,2.111,,,,,,,
S108102B1-01,,Doushantuo,dolostone,,5.45,,,,,,,0.708881,,,,,,,,,,,,,,,,,,0.430,,,,,,,,,,,,,,,,,,,,,,,,,0.829,,,,,,,
S108102B1-02,,Doushantuo,dolostone,,5.15,,,,,,,,,,,,,,,,,,,,,,,,,,,,,,,,,,,,,,,,,,,,,,,,,,1.009,,,,,,,
S108102B2-01,,Doushantuo,dolostone,,5.45,,,,,,,,,,,,,,,,,,,,,,,,,,,,,,,,,,,,,,,,,,,,,,,,,,0.944,,,,,,,
S108104A1-01,,Doushantuo,dolostone,,4.88,,,,,,,,,,,,,,,,,,,,,,,,,,,,,,,,,,,,,,,,,,,,,,,,,,1.446,,,,,,,
S108104A2-01,,Doushantuo,dolostone,,5.11,,,,,,,,,,,,,,,,,,,,,,,,,,,,,,,,,,,,,,,,,,,,,,,,,,0.821,,,,,,,
S108104B-01,,Doushantuo,dolostone,,5.12,,,,,,,,,,,,,,,,,,,,,,,,,,,,,,,,,,,,,,,,,,,,,,,,,,0.779,,,,,,,
S108104B-02,,Doushantuo,dolostone,,5.24,,,,,,,0.70875,,,,,,,,,,,,,,,,,,0.460,,,,,,,,,,,,,,,,,,,,,,,,,0.724,,,,,,,
S108104B-03,,Doushantuo,dolostone,,5.05,,,,,,,,,,,,,,,,,,,,,,,,,,,,,,,,,,,,,,,,,,,,,,,,,,0.884,,,,,,,
S108201-01,,Doushantuo,dolostone,,4.98,,,,,,,,,,,,,,,,,,,,,,,,,,,,,,,,,,,,,,,,,,,,,,,,,,1.527,,,,,,,
S108202-01,,Doushantuo,dolostone,,4.89,,,,,,,,,,,,,,,,,,,,,,,,,,,,,,,,,,,,,,,,,,,,,,,,,,1.742,,,,,,,
S108204A-01,,Doushantuo,dolostone,,5.21,,,,,,,,,,,,,,,,,,,,,,,,,,,,,,,,,,,,,,,,,,,,,,,,,,0.875,,,,,,,
S108206-01,,Doushantuo,dolostone,,5.22,,,,,,,,,,,,,,,,,,,,,,,,,,,,,,,,,,,,,,,,,,,,,,,,,,1.166,,,,,,,
S108206-02,,Doushantuo,dolostone,,5.08,,,,,,,,,,,,,,,,,,,,,,,,,,,,,,,,,,,,,,,,,,,,,,,,,,1.167,,,,,,,
S108207-01,,Doushantuo,dolostone,,4.95,,,,,,,,,,,,,,,,,,,,,,,,,,,,,,,,,,,,,,,,,,,,,,,,,,1.209,,,,,,,
S108208-01,,Doushantuo,dolostone,,5.01,,,,,,,,,,,,,,,,,,,,,,,,,,,,,,,,,,,,,,,,,,,,,,,,,,1.115,,,,,,,
S108208-02,,Doushantuo,dolostone,,4.72,,,,,,,,,,,,,,,,,,,,,,,,,,,,,,,,,,,,,,,,,,,,,,,,,,1.475,,,,,,,
S108210-01,,Doushantuo,dolostone,,4.81,,,,,,,,,,,,,,,,,,,,,,,,,,,,,,,,,,,,,,,,,,,,,,,,,,0.929,,,,,,,
S108301-01,,Doushantuo,dolostone,,4.61,,,,,,,0.708673,,,,,,,,,,,,,,,,,,0.440,,,,,,,,,,,,,,,,,,,,,,,,,0.580,,,,,,,
S108301-02,,Doushantuo,dolostone,,4.93,,,,,,,,,,,,,,,,,,,,,,,,,,,,,,,,,,,,,,,,,,,,,,,,,,1.001,,,,,,,
S108401-01,,Doushantuo,dolostone,,4.87,,,,,,,,,,,,,,,,,,,,,,,,,,,,,,,,,,,,,,,,,,,,,,,,,,1.234,,,,,,,
S108409-01,,Doushantuo,dolostone,,4.52,,,,,,,,,,,,,,,,,,,,,,,,,,,,,,,,,,,,,,,,,,,,,,,,,,0.614,,,,,,,
S108501-01,,Doushantuo,dolostone,,3.78,,,,,,,,,,,,,,,,,,,,,,,,,,,,,,,,,,,,,,,,,,,,,,,,,,0.968,,,,,,,
S108504A-01,,Doushantuo,dolostone,,3.49,,,,,,,,,,,,,,,,,,,,,,,,,,,,,,,,,,,,,,,,,,,,,,,,,,1.147,,,,,,,
S108504A-02,,Doushantuo,dolostone,,4.28,,,,,,,,,,,,,,,,,,,,,,,,,,,,,,,,,,,,,,,,,,,,,,,,,,1.330,,,,,,,
S108504A-03,,Doushantuo,dolostone,,4.29,,,,,,,,,,,,,,,,,,,,,,,,,,,,,,,,,,,,,,,,,,,,,,,,,,1.028,,,,,,,
S108504B-01,,Doushantuo,dolostone,,4.21,,,,,,,,,,,,,,,,,,,,,,,,,,,,,,,,,,,,,,,,,,,,,,,,,,0.966,,,,,,,
S108601-01,,Doushantuo,dolostone,,4.11,,,,,,,,,,,,,,,,,,,,,,,,,,,,,,,,,,,,,,,,,,,,,,,,,,0.874,,,,,,,
S108602-01,,Doushantuo,dolostone,,4.23,,,,,,,,,,,,,,,,,,,,,,,,,,,,,,,,,,,,,,,,,,,,,,,,,,0.831,,,,,,,
S108602-02,,Doushantuo,dolostone,,4.16,,,,,,,,,,,,,,,,,,,,,,,,,,,,,,,,,,,,,,,,,,,,,,,,,,0.813,,,,,,,
S108602-03,,Doushantuo,dolostone,,4.42,,,,,,,,,,,,,,,,,,,,,,,,,,,,,,,,,,,,,,,,,,,,,,,,,,0.950,,,,,,,
S108602-04,,Doushantuo,dolostone,,4.52,,,,,,,0.708726,,,,,,,,,,,,,,,,,,0.640,,,,,,,,,,,,,,,,,,,,,,,,,0.778,,,,,,,
S108504B-01,,Doushantuo,dolostone,,4.21,,,,,,,,,,,,,,,,,,,,,,,,,,,,,,,,,,,,,,,,,,,,,,,,,,0.782,,,,,,,
S108702A-01,,Doushantuo,dolostone,,4.89,,,,,,,,,,,,,,,,,,,,,,,,,,,,,,,,,,,,,,,,,,,,,,,,,,0.933,,,,,,,
S108702B-01,,Doushantuo,dolostone,,4.33,,,,,,,,,,,,,,,,,,,,,,,,,,,,,,,,,,,,,,,,,,,,,,,,,,0.888,,,,,,,
S108703-01,,Doushantuo,dolostone,,4.30,,,,,,,,,,,,,,,,,,,,,,,,,,,,,,,,,,,,,,,,,,,,,,,,,,0.921,,,,,,,
S108703-02,,Doushantuo,dolostone,,4.71,,,,,,,,,,,,,,,,,,,,,,,,,,,,,,,,,,,,,,,,,,,,,,,,,,0.721,,,,,,,
S108704-01,,Doushantuo,dolostone,,3.99,,,,,,,,,,,,,,,,,,,,,,,,,,,,,,,,,,,,,,,,,,,,,,,,,,0.815,,,,,,,
S108704-02,,Doushantuo,dolostone,,4.48,,,,,,,,,,,,,,,,,,,,,,,,,,,,,,,,,,,,,,,,,,,,,,,,,,0.691,,,,,,,
S108805-01,,Doushantuo,dolostone,,5.55,,,,,,,,,,,,,,,,,,,,,,,,,,,,,,,,,,,,,,,,,,,,,,,,,,0.716,,,,,,,
S108805-02,,Doushantuo,dolostone,,5.50,,,,,,,0.708404,,,,,,,,,,,,,,,,,,0.290,,,,,,,,,,,,,,,,,,,,,,,,,0.643,,,,,,,
S108805-03,,Doushantuo,dolostone,,5.48,,,,,,,,,,,,,,,,,,,,,,,,,,,,,,,,,,,,,,,,,,,,,,,,,,0.908,,,,,,,
S108806B-01,,Doushantuo,dolostone,,5.62,,,,,,,,,,,,,,,,,,,,,,,,,,,,,,,,,,,,,,,,,,,,,,,,,,1.442,,,,,,,
S108806B-02,,Doushantuo,dolostone,,5.82,,,,,,,,,,,,,,,,,,,,,,,,,,,,,,,,,,,,,,,,,,,,,,,,,,1.281,,,,,,,
S108901-01,,Doushantuo,dolostone,,5.75,,,,,,,,,,,,,,,,,,,,,,,,,,,,,,,,,,,,,,,,,,,,,,,,,,1.240,,,,,,,
S108901-02,,Doushantuo,dolostone,,5.80,,,,,,,,,,,,,,,,,,,,,,,,,,,,,,,,,,,,,,,,,,,,,,,,,,1.169,,,,,,,
S108901-03,,Doushantuo,dolostone,,5.78,,,,,,,,,,,,,,,,,,,,,,,,,,,,,,,,,,,,,,,,,,,,,,,,,,1.245,,,,,,,
S108902A-01,,Doushantuo,dolostone,,5.83,,,,,,,0.708465,,,,,,,,,,,,,,,,,,0.280,,,,,,,,,,,,,,,,,,,,,,,,,0.714,,,,,,,
S109004A-01,,Doushantuo,dolostone,,5.22,,,,,,,,,,,,,,,,,,,,,,,,,,,,,,,,,,,,,,,,,,,,,,,,,,0.977,,,,,,,
S109104A-01,,Doushantuo,dolostone,,4.65,,,,,,,,,,,,,,,,,,,,,,,,,,,,,,,,,,,,,,,,,,,,,,,,,,1.087,,,,,,,
S109108-01,,Doushantuo,dolostone,,3.93,,,,,,,,,,,,,,,,,,,,,,,,,,,,,,,,,,,,,,,,,,,,,,,,,,0.916,,,,,,,
S109108-02,,Doushantuo,dolostone,,3.86,,,,,,,0.708085,,,,,,,,,,,,,,,,,,0.320,,,,,,,,,,,,,,,,,,,,,,,,,0.632,,,,,,,
S109109-01,,Doushantuo,dolostone,,3.60,,,,,,,,,,,,,,,,,,,,,,,,,,,,,,,,,,,,,,,,,,,,,,,,,,0.505,,,,,,,
S109109-02,,Doushantuo,dolostone,,3.75,,,,,,,,,,,,,,,,,,,,,,,,,,,,,,,,,,,,,,,,,,,,,,,,,,0.633,,,,,,,
S109109-03,,Doushantuo,dolostone,,3.60,,,,,,,,,,,,,,,,,,,,,,,,,,,,,,,,,,,,,,,,,,,,,,,,,,0.709,,,,,,,
S109202A-01,,Doushantuo,dolostone,,3.11,,,,,,,0.708052,,,,,,,,,,,,,,,,,,NA,,,,,,,,,,,,,,,,,,,,,,,,,0.949,,,,,,,
S109202A-02,,Doushantuo,dolostone,,3.44,,,,,,,,,,,,,,,,,,,,,,,,,,,,,,,,,,,,,,,,,,,,,,,,,,0.953,,,,,,,
S109203-01,,Doushantuo,dolostone,,2.61,,,,,,,,,,,,,,,,,,,,,,,,,,,,,,,,,,,,,,,,,,,,,,,,,,0.670,,,,,,,
S109203-02,,Doushantuo,dolostone,,2.55,,,,,,,,,,,,,,,,,,,,,,,,,,,,,,,,,,,,,,,,,,,,,,,,,,0.741,,,,,,,
S109301-01,,Doushantuo,dolostone,,-1.32,,,,,,,0.707988,,,,,,,,,,,,,,,,,,0.390,,,,,,,,,,,,,,,,,,,,,,,,,0.680,,,,,,,
S109301-02,,Doushantuo,dolostone,,-0.84,,,,,,,,,,,,,,,,,,,,,,,,,,,,,,,,,,,,,,,,,,,,,,,,,,0.864,,,,,,,
S109302B-01,,Doushantuo,dolostone,,-1.22,,,,,,,,,,,,,,,,,,,,,,,,,,,,,,,,,,,,,,,,,,,,,,,,,,0.721,,,,,,,
S109302B-02,,Doushantuo,dolostone,,-1.02,,,,,,,0.707784,,,,,,,,,,,,,,,,,,0.490,,,,,,,,,,,,,,,,,,,,,,,,,0.633,,,,,,,
S109303-01,,Doushantuo,dolostone,,-1.03,,,,,,,,,,,,,,,,,,,,,,,,,,,,,,,,,,,,,,,,,,,,,,,,,,0.646,,,,,,,
S109303-02,,Doushantuo,dolostone,,0.06,,,,,,,,,,,,,,,,,,,,,,,,,,,,,,,,,,,,,,,,,,,,,,,,,,0.744,,,,,,,
S109408-01,,Doushantuo,dolostone,,-3.92,,,,,,,,,,,,,,,,,,,,,,,,,,,,,,,,,,,,,,,,,,,,,,,,,,0.795,,,,,,,
S109502B-01,,Doushantuo,dolostone,,-5.13,,,,,,,,,,,,,,,,,,,,,,,,,,,,,,,,,,,,,,,,,,,,,,,,,,1.361,,,,,,,
S109510-01,,Doushantuo,dolostone,,-0.81,,,,,,,,,,,,,,,,,,,,,,,,,,,,,,,,,,,,,,,,,,,,,,,,,,1.087,,,,,,,
S109511-02,,Doushantuo,dolostone,,-0.46,,,,,,,,,,,,,,,,,,,,,,,,,,,,,,,,,,,,,,,,,,,,,,,,,,0.977,,,,,,,
S109511-01,,Doushantuo,dolostone,,-2.00,,,,,,,0.708214,,,,,,,,,,,,,,,,,,NA,,,,,,,,,,,,,,,,,,,,,,,,,0.987,,,,,,,
S109511-03,,Doushantuo,dolostone,,-2.51,,,,,,,,,,,,,,,,,,,,,,,,,,,,,,,,,,,,,,,,,,,,,,,,,,1.025,,,,,,,
S109514-01,,Doushantuo,dolostone,,-2.24,,,,,,,,,,,,,,,,,,,,,,,,,,,,,,,,,,,,,,,,,,,,,,,,,,1.859,,,,,,,
S109514-02,,Doushantuo,dolostone,,-1.19,,,,,,,,,,,,,,,,,,,,,,,,,,,,,,,,,,,,,,,,,,,,,,,,,,1.180,,,,,,,
S109604-01,,Doushantuo,dolostone,,-0.89,,,,,,,,,,,,,,,,,,,,,,,,,,,,,,,,,,,,,,,,,,,,,,,,,,1.001,,,,,,,
S109608-01,,Doushantuo,dolostone,,-1.35,,,,,,,,,,,,,,,,,,,,,,,,,,,,,,,,,,,,,,,,,,,,,,,,,,1.287,,,,,,,
S109611-01,,Doushantuo,dolostone,,-4.22,,,,,,,,,,,,,,,,,,,,,,,,,,,,,,,,,,,,,,,,,,,,,,,,,,1.463,,,,,,,
S109611-02,,Doushantuo,dolostone,,-4.12,,,,,,,0.708129,,,,,,,,,,,,,,,,,,0.400,,,,,,,,,,,,,,,,,,,,,,,,,1.136,,,,,,,
S109612-01,,Doushantuo,dolostone,,-1.78,,,,,,,,,,,,,,,,,,,,,,,,,,,,,,,,,,,,,,,,,,,,,,,,,,1.573,,,,,,,
S109613-01,,Doushantuo,dolostone,,-1.37,,,,,,,0.708717,,,,,,,,,,,,,,,,,,NA,,,,,,,,,,,,,,,,,,,,,,,,,0.932,,,,,,,
S109615-01,,Doushantuo,dolostone,,-0.54,,,,,,,0.708877,,,,,,,,,,,,,,,,,,0.360,,,,,,,,,,,,,,,,,,,,,,,,,1.494,,,,,,,
S109618-01,,Doushantuo,dolostone,,-1.62,,,,,,,,,,,,,,,,,,,,,,,,,,,,,,,,,,,,,,,,,,,,,,,,,,1.299,,,,,,,
S109619B-01,,Doushantuo,dolostone,,-2.77,,,,,,,0.708667,,,,,,,,,,,,,,,,,,NA,,,,,,,,,,,,,,,,,,,,,,,,,0.923,,,,,,,
S109704-01,,Doushantuo,dolostone,,-1.96,,,,,,,0.708524,,,,,,,,,,,,,,,,,,NA,,,,,,,,,,,,,,,,,,,,,,,,,0.973,,,,,,,
S109712-01,,Doushantuo,dolostone,,-2.36,,,,,,,,,,,,,,,,,,,,,,,,,,,,,,,,,,,,,,,,,,,,,,,,,,1.244,,,,,,,
S109802-01,,Doushantuo,dolostone,,-1.72,,,,,,,,,,,,,,,,,,,,,,,,,,,,,,,,,,,,,,,,,,,,,,,,,,1.237,,,,,,,
S109806A-01,,Doushantuo,dolostone,,-0.67,,,,,,,0.708608,,,,,,,,,,,,,,,,,,0.320,,,,,,,,,,,,,,,,,,,,,,,,,0.869,,,,,,,
S109807-01,,Doushantuo,dolostone,,-3.17,,,,,,,,,,,,,,,,,,,,,,,,,,,,,,,,,,,,,,,,,,,,,,,,,,0.520,,,,,,,
S109901B-01,,Doushantuo,dolostone,,-4.19,,,,,,,0.708509,,,,,,,,,,,,,,,,,,0.380,,,,,,,,,,,,,,,,,,,,,,,,,0.532,,,,,,,
S109904-01,,Doushantuo,dolostone,,-3.90,,,,,,,,,,,,,,,,,,,,,,,,,,,,,,,,,,,,,,,,,,,,,,,,,,0.633,,,,,,,
S109910B-01,,Doushantuo,dolostone,,-2.39,,,,,,,,,,,,,,,,,,,,,,,,,,,,,,,,,,,,,,,,,,,,,,,,,,0.717,,,,,,,
S109911-01,,Doushantuo,dolostone,,-2.47,,,,,,,,,,,,,,,,,,,,,,,,,,,,,,,,,,,,,,,,,,,,,,,,,,0.820,,,,,,,
S110004-01,,Doushantuo,dolostone,,-3.17,,,,,,,0.708561,,,,,,,,,,,,,,,,,,0.320,,,,,,,,,,,,,,,,,,,,,,,,,0.610,,,,,,,
S110008-01,,Doushantuo,dolostone,,-3.44,,,,,,,0.708705,,,,,,,,,,,,,,,,,,0.220,,,,,,,,,,,,,,,,,,,,,,,,,0.561,,,,,,,
S110009-01,,Doushantuo,dolostone,,-3.40,,,,,,,,,,,,,,,,,,,,,,,,,,,,,,,,,,,,,,,,,,,,,,,,,,0.729,,,,,,,
S110111-01,,Doushantuo,dolostone,,-2.75,,,,,,,,,,,,,,,,,,,,,,,,,,,,,,,,,,,,,,,,,,,,,,,,,,0.804,,,,,,,
S110114-01,,Doushantuo,dolostone,,-2.41,,,,,,,,,,,,,,,,,,,,,,,,,,,,,,,,,,,,,,,,,,,,,,,,,,0.806,,,,,,,
S1110120A-01,,Doushantuo,dolostone,,-4.33,,,,,,,,,,,,,,,,,,,,,,,,,,,,,,,,,,,,,,,,,,,,,,,,,,0.687,,,,,,,
S110121A-01,,Doushantuo,dolostone,,-3.61,,,,,,,,,,,,,,,,,,,,,,,,,,,,,,,,,,,,,,,,,,,,,,,,,,0.706,,,,,,,
S110121C-01,,Doushantuo,dolostone,,-3.24,,,,,,,0.708505,,,,,,,,,,,,,,,,,,0.300,,,,,,,,,,,,,,,,,,,,,,,,,0.734,,,,,,,
S110123C-01,,Doushantuo,dolostone,,-3.60,,,,,,,0.708553,,,,,,,,,,,,,,,,,,0.260,,,,,,,,,,,,,,,,,,,,,,,,,0.589,,,,,,,
S110126-01,,Doushantuo,dolostone,,-3.31,,,,,,,,,,,,,,,,,,,,,,,,,,,,,,,,,,,,,,,,,,,,,,,,,,0.809,,,,,,,
S110129A-01,,Doushantuo,dolostone,,-3.49,,,,,,,,,,,,,,,,,,,,,,,,,,,,,,,,,,,,,,,,,,,,,,,,,,0.797,,,,,,,
S110202-01,,Doushantuo,dolostone,,-2.84,,,,,,,,,,,,,,,,,,,,,,,,,,,,,,,,,,,,,,,,,,,,,,,,,,0.721,,,,,,,
S110203C-01,,Doushantuo,dolostone,,-3.57,,,,,,,,,,,,,,,,,,,,,,,,,,,,,,,,,,,,,,,,,,,,,,,,,,0.594,,,,,,,
S110204B-01,,Doushantuo,dolostone,,-3.62,,,,,,,,,,,,,,,,,,,,,,,,,,,,,,,,,,,,,,,,,,,,,,,,,,0.609,,,,,,,
S110207-01,,Doushantuo,dolostone,,-3.93,,,,,,,0.708434,,,,,,,,,,,,,,,,,,NA,,,,,,,,,,,,,,,,,,,,,,,,,1.001,,,,,,,
S110309-01,,Doushantuo,dolostone,,-6.65,,,,,,,0.708808,,,,,,,,,,,,,,,,,,0.230,,,,,,,,,,,,,,,,,,,,,,,,,0.244,,,,,,,
S110509A-01,,Doushantuo,dolostone,,1.30,,,,,,,,,,,,,,,,,,,,,,,,,,,,,,,,,,,,,,,,,,,,,,,,,,0.721,,,,,,,
S110509A-02,,Doushantuo,dolostone,,0.72,,,,,,,,,,,,,,,,,,,,,,,,,,,,,,,,,,,,,,,,,,,,,,,,,,0.716,,,,,,,
S110604B-01,,Doushantuo,dolostone,,1.75,,,,,,,0.708166,,,,,,,,,,,,,,,,,,0.300,,,,,,,,,,,,,,,,,,,,,,,,,0.655,,,,,,,
S110609D-01,,Doushantuo,dolostone,,2.24,,,,,,,,,,,,,,,,,,,,,,,,,,,,,,,,,,,,,,,,,,,,,,,,,,0.401,,,,,,,
S110702B-01,,Doushantuo,dolostone,,1.30,,,,,,,,,,,,,,,,,,,,,,,,,,,,,,,,,,,,,,,,,,,,,,,,,,0.596,,,,,,,
S110804A1-01,,Doushantuo,dolostone,,4.09,,,,,,,,,,,,,,,,,,,,,,,,,,,,,,,,,,,,,,,,,,,,,,,,,,0.378,,,,,,,
S110807-01,,Doushantuo,dolostone,,3.77,,,,,,,,,,,,,,,,,,,,,,,,,,,,,,,,,,,,,,,,,,,,,,,,,,0.635,,,,,,,
S110807-02,,Doushantuo,dolostone,,4.68,,,,,,,,,,,,,,,,,,,,,,,,,,,,,,,,,,,,,,,,,,,,,,,,,,0.465,,,,,,,
S111007A-01,,Doushantuo,dolostone,,5.09,,,,,,,0.707772,,,,,,,,,,,,,,,,,,0.490,,,,,,,,,,,,,,,,,,,,,,,,,0.396,,,,,,,
S111007A-02,,Doushantuo,dolostone,,4.98,,,,,,,,,,,,,,,,,,,,,,,,,,,,,,,,,,,,,,,,,,,,,,,,,,0.454,,,,,,,
S111007A-03,,Doushantuo,dolostone,,5.18,,,,,,,,,,,,,,,,,,,,,,,,,,,,,,,,,,,,,,,,,,,,,,,,,,0.434,,,,,,,
S111401-01,,Doushantuo,dolostone,,5.86,,,,,,,,,,,,,,,,,,,,,,,,,,,,,,,,,,,,,,,,,,,,,,,,,,0.707,,,,,,,
S111401-02,,Doushantuo,dolostone,,6.05,,,,,,,,,,,,,,,,,,,,,,,,,,,,,,,,,,,,,,,,,,,,,,,,,,0.681,,,,,,,
S111401-03,,Doushantuo,dolostone,,5.91,,,,,,,,,,,,,,,,,,,,,,,,,,,,,,,,,,,,,,,,,,,,,,,,,,0.669,,,,,,,
S111402-01,,Doushantuo,dolostone,,6.04,,,,,,,,,,,,,,,,,,,,,,,,,,,,,,,,,,,,,,,,,,,,,,,,,,0.676,,,,,,,
S111502-01,,Doushantuo,dolostone,,6.09,,,,,,,,,,,,,,,,,,,,,,,,,,,,,,,,,,,,,,,,,,,,,,,,,,0.686,,,,,,,
S111502-02,,Doushantuo,dolostone,,6.10,,,,,,,0.707939,,,,,,,,,,,,,,,,,,0.680,,,,,,,,,,,,,,,,,,,,,,,,,0.681,,,,,,,
S111620A-01,,Doushantuo,dolostone,,5.51,,,,,,,,,,,,,,,,,,,,,,,,,,,,,,,,,,,,,,,,,,,,,,,,,,0.520,,,,,,,
S111620A-02,,Doushantuo,dolostone,,5.61,,,,,,,,,,,,,,,,,,,,,,,,,,,,,,,,,,,,,,,,,,,,,,,,,,0.495,,,,,,,
S111620A-03,,Doushantuo,dolostone,,5.52,,,,,,,,,,,,,,,,,,,,,,,,,,,,,,,,,,,,,,,,,,,,,,,,,,0.486,,,,,,,
S111809-01,,Doushantuo,dolostone,,2.83,,,,,,,0.708116,,,,,,,,,,,,,,,,,,0.570,,,,,,,,,,,,,,,,,,,,,,,,,0.597,,,,,,,
S111901A-01,,Doushantuo,dolostone,,4.30,,,,,,,,,,,,,,,,,,,,,,,,,,,,,,,,,,,,,,,,,,,,,,,,,,0.404,,,,,,,
S111904-01,,Doushantuo,dolostone,,3.93,,,,,,,,,,,,,,,,,,,,,,,,,,,,,,,,,,,,,,,,,,,,,,,,,,0.540,,,,,,,
S111914-01,,Doushantuo,dolostone,,3.85,,,,,,,0.70804,,,,,,,,,,,,,,,,,,NA,,,,,,,,,,,,,,,,,,,,,,,,,0.597,,,,,,,
S112009C-01,,Doushantuo,dolostone,,4.62,,,,,,,0.708179,,,,,,,,,,,,,,,,,,0.340,,,,,,,,,,,,,,,,,,,,,,,,,0.317,,,,,,,
S112010B-01,,Doushantuo,dolostone,,4.52,,,,,,,,,,,,,,,,,,,,,,,,,,,,,,,,,,,,,,,,,,,,,,,,,,0.406,,,,,,,
S112010B-02,,Doushantuo,dolostone,,4.38,,,,,,,,,,,,,,,,,,,,,,,,,,,,,,,,,,,,,,,,,,,,,,,,,,0.416,,,,,,,
S112207-01,,Doushantuo,dolostone,,3.74,,,,,,,0.708111,,,,,,,,,,,,,,,,,,0.540,,,,,,,,,,,,,,,,,,,,,,,,,0.229,,,,,,,
S112302-01,,Doushantuo,dolostone,,2.58,,,,,,,0.70814,,,,,,,,,,,,,,,,,,0.440,,,,,,,,,,,,,,,,,,,,,,,,,0.323,,,,,,,
S112507B-01,,Doushantuo,dolostone,,3.29,,,,,,,,,,,,,,,,,,,,,,,,,,,,,,,,,,,,,,,,,,,,,,,,,,0.493,,,,,,,
S112507B-02,,Doushantuo,dolostone,,3.32,,,,,,,,,,,,,,,,,,,,,,,,,,,,,,,,,,,,,,,,,,,,,,,,,,0.609,,,,,,,
S112703-01,,Doushantuo,dolostone,,4.86,,,,,,,0.708119,,,,,,,,,,,,,,,,,,0.480,,,,,,,,,,,,,,,,,,,,,,,,,0.491,,,,,,,
S112703-02,,Doushantuo,dolostone,,4.52,,,,,,,,,,,,,,,,,,,,,,,,,,,,,,,,,,,,,,,,,,,,,,,,,,0.523,,,,,,,
S112707-01,,Doushantuo,dolostone,,4.54,,,,,,,,,,,,,,,,,,,,,,,,,,,,,,,,,,,,,,,,,,,,,,,,,,0.501,,,,,,,
S112707-02,,Doushantuo,dolostone,,4.44,,,,,,,,,,,,,,,,,,,,,,,,,,,,,,,,,,,,,,,,,,,,,,,,,,0.511,,,,,,,
S112810-01,,Doushantuo,dolostone,,5.83,,,,,,,0.708109,,,,,,,,,,,,,,,,,,0.430,,,,,,,,,,,,,,,,,,,,,,,,,0.233,,,,,,,
S112810-02,,Doushantuo,dolostone,,5.29,,,,,,,0.708153,,,,,,,,,,,,,,,,,,0.410,,,,,,,,,,,,,,,,,,,,,,,,,0.252,,,,,,,
S112908-01,,Doushantuo,dolostone,,5.10,,,,,,,,,,,,,,,,,,,,,,,,,,,,,,,,,,,,,,,,,,,,,,,,,,0.287,,,,,,,
S112914A-01,,Doushantuo,dolostone,,5.29,,,,,,,0.708242,,,,,,,,,,,,,,,,,,0.290,,,,,,,,,,,,,,,,,,,,,,,,,0.232,,,,,,,
S112914A-02,,Doushantuo,dolostone,,5.28,,,,,,,,,,,,,,,,,,,,,,,,,,,,,,,,,,,,,,,,,,,,,,,,,,0.240,,,,,,,
S113001-01,,Doushantuo,dolostone,,5.12,,,,,,,,,,,,,,,,,,,,,,,,,,,,,,,,,,,,,,,,,,,,,,,,,,0.284,,,,,,,
S113015C-01,,Doushantuo,dolostone,,4.07,,,,,,,,,,,,,,,,,,,,,,,,,,,,,,,,,,,,,,,,,,,,,,,,,,0.354,,,,,,,
S113015C-02,,Doushantuo,dolostone,,3.63,,,,,,,,,,,,,,,,,,,,,,,,,,,,,,,,,,,,,,,,,,,,,,,,,,0.388,,,,,,,
S113102C-01,,Doushantuo,dolostone,,3.19,,,,,,,,,,,,,,,,,,,,,,,,,,,,,,,,,,,,,,,,,,,,,,,,,,0.362,,,,,,,
S113102C-02,,Doushantuo,dolostone,,3.07,,,,,,,,,,,,,,,,,,,,,,,,,,,,,,,,,,,,,,,,,,,,,,,,,,0.424,,,,,,,
S113102C-03,,Doushantuo,dolostone,,3.11,,,,,,,,,,,,,,,,,,,,,,,,,,,,,,,,,,,,,,,,,,,,,,,,,,0.411,,,,,,,
S113106-01,,Doushantuo,dolostone,,4.81,,,,,,,,,,,,,,,,,,,,,,,,,,,,,,,,,,,,,,,,,,,,,,,,,,0.282,,,,,,,
S113106-02,,Doushantuo,dolostone,,5.06,,,,,,,,,,,,,,,,,,,,,,,,,,,,,,,,,,,,,,,,,,,,,,,,,,0.254,,,,,,,
S113111-01,,Doushantuo,dolostone,,4.71,,,,,,,0.707982,,,,,,,,,,,,,,,,,,0.430,,,,,,,,,,,,,,,,,,,,,,,,,0.237,,,,,,,
S113202C-01,,Doushantuo,dolostone,,2.46,,,,,,,,,,,,,,,,,,,,,,,,,,,,,,,,,,,,,,,,,,,,,,,,,,0.720,,,,,,,
S113202C-02,,Doushantuo,dolostone,,3.10,,,,,,,,,,,,,,,,,,,,,,,,,,,,,,,,,,,,,,,,,,,,,,,,,,0.502,,,,,,,
S113305-01,,Doushantuo,dolostone,,0.86,,,,,,,,,,,,,,,,,,,,,,,,,,,,,,,,,,,,,,,,,,,,,,,,,,0.863,,,,,,,
S113305-02,,Doushantuo,dolostone,,0.92,,,,,,,,,,,,,,,,,,,,,,,,,,,,,,,,,,,,,,,,,,,,,,,,,,0.649,,,,,,,
S113305-03,,Doushantuo,dolostone,,-0.93,,,,,,,0.708284,,,,,,,,,,,,,,,,,,0.420,,,,,,,,,,,,,,,,,,,,,,,,,0.770,,,,,,,
S113309-01,,Doushantuo,dolostone,,-3.63,,,,,,,,,,,,,,,,,,,,,,,,,,,,,,,,,,,,,,,,,,,,,,,,,,0.450,,,,,,,
S113408-01,,Doushantuo,dolostone,,2.46,,,,,,,,,,,,,,,,,,,,,,,,,,,,,,,,,,,,,,,,,,,,,,,,,,0.452,,,,,,,
S113419-01,,Doushantuo,dolostone,,3.31,,,,,,,0.708091,,,,,,,,,,,,,,,,,,NA,,,,,,,,,,,,,,,,,,,,,,,,,0.479,,,,,,,
S113429-01,,Doushantuo,dolostone,,3.96,,,,,,,,,,,,,,,,,,,,,,,,,,,,,,,,,,,,,,,,,,,,,,,,,,0.398,,,,,,,
S113429-02,,Doushantuo,dolostone,,4.10,,,,,,,,,,,,,,,,,,,,,,,,,,,,,,,,,,,,,,,,,,,,,,,,,,0.337,,,,,,,
S113502-01,,Doushantuo,dolostone,,4.97,,,,,,,0.708062,,,,,,,,,,,,,,,,,,0.440,,,,,,,,,,,,,,,,,,,,,,,,,0.251,,,,,,,
S113613-01,,Doushantuo,dolostone,,2.90,,,,,,,,,,,,,,,,,,,,,,,,,,,,,,,,,,,,,,,,,,,,,,,,,,0.663,,,,,,,
S113708-01,,Doushantuo,dolostone,,4.47,,,,,,,0.708189,,,,,,,,,,,,,,,,,,NA,,,,,,,,,,,,,,,,,,,,,,,,,0.541,,,,,,,
S113708-02,,Doushantuo,dolostone,,4.43,,,,,,,,,,,,,,,,,,,,,,,,,,,,,,,,,,,,,,,,,,,,,,,,,,0.502,,,,,,,
S113806-01,,Doushantuo,dolostone,,4.59,,,,,,,,,,,,,,,,,,,,,,,,,,,,,,,,,,,,,,,,,,,,,,,,,,0.418,,,,,,,
S113806-02,,Doushantuo,dolostone,,4.65,,,,,,,,,,,,,,,,,,,,,,,,,,,,,,,,,,,,,,,,,,,,,,,,,,0.401,,,,,,,
S114005A-01,,Doushantuo,dolostone,,5.87,,,,,,,0.708295,,,,,,,,,,,,,,,,,,0.330,,,,,,,,,,,,,,,,,,,,,,,,,0.217,,,,,,,
S114005A-02,,Doushantuo,dolostone,,5.63,,,,,,,,,,,,,,,,,,,,,,,,,,,,,,,,,,,,,,,,,,,,,,,,,,0.342,,,,,,,
S114005A-03,,Doushantuo,dolostone,,5.48,,,,,,,,,,,,,,,,,,,,,,,,,,,,,,,,,,,,,,,,,,,,,,,,,,0.459,,,,,,,
S114005A-04,,Doushantuo,dolostone,,6.30,,,,,,,,,,,,,,,,,,,,,,,,,,,,,,,,,,,,,,,,,,,,,,,,,,0.264,,,,,,,
S114017-01,,Doushantuo,dolostone,,5.33,,,,,,,,,,,,,,,,,,,,,,,,,,,,,,,,,,,,,,,,,,,,,,,,,,0.690,,,,,,,
S114017-02,,Doushantuo,dolostone,,5.56,,,,,,,,,,,,,,,,,,,,,,,,,,,,,,,,,,,,,,,,,,,,,,,,,,0.841,,,,,,,
S114104B-01,,Doushantuo,dolostone,,5.99,,,,,,,,,,,,,,,,,,,,,,,,,,,,,,,,,,,,,,,,,,,,,,,,,,0.303,,,,,,,
S114104B-02,,Doushantuo,dolostone,,6.11,,,,,,,,,,,,,,,,,,,,,,,,,,,,,,,,,,,,,,,,,,,,,,,,,,0.302,,,,,,,
S114212-01,,Doushantuo,dolostone,,5.96,,,,,,,0.708109,,,,,,,,,,,,,,,,,,0.370,,,,,,,,,,,,,,,,,,,,,,,,,0.256,,,,,,,
S114212-02,,Doushantuo,dolostone,,5.48,,,,,,,,,,,,,,,,,,,,,,,,,,,,,,,,,,,,,,,,,,,,,,,,,,0.424,,,,,,,
S114212-03,,Doushantuo,dolostone,,5.12,,,,,,,,,,,,,,,,,,,,,,,,,,,,,,,,,,,,,,,,,,,,,,,,,,0.484,,,,,,,
S114305-01,,Doushantuo,dolostone,,5.42,,,,,,,,,,,,,,,,,,,,,,,,,,,,,,,,,,,,,,,,,,,,,,,,,,0.484,,,,,,,
S114419G-01,,Doushantuo,dolostone,,5.80,,,,,,,,,,,,,,,,,,,,,,,,,,,,,,,,,,,,,,,,,,,,,,,,,,0.710,,,,,,,
S114419G-02,,Doushantuo,dolostone,,5.44,,,,,,,,,,,,,,,,,,,,,,,,,,,,,,,,,,,,,,,,,,,,,,,,,,0.766,,,,,,,
S114522-01,,Doushantuo,dolostone,,1.83,,,,,,,,,,,,,,,,,,,,,,,,,,,,,,,,,,,,,,,,,,,,,,,,,,1.442,,,,,,,
S114523B-01,,Doushantuo,limestone,,2.05,,,,,,,,,,,,,,,,,,,,,,,,,,,,,,,,,,,,,,,,,,,,,,,,,,1.348,,,,,,,
S114523B-02,,Doushantuo,dolostone,,5.07,,,,,,,0.70794,,,,,,,,,,,,,,,,,,0.400,,,,,,,,,,,,,,,,,,,,,,,,,0.630,,,,,,,
S114608-01,,Doushantuo,limestone,,0.28,,,,,,,0.708677,,,,,,,,,,,,,,,,,,0.170,,,,,,,,,,,,,,,,,,,,,,,,,0.957,,,,,,,
S114705-01,,Doushantuo,limestone,,0.47,,,,,,,,,,,,,,,,,,,,,,,,,,,,,,,,,,,,,,,,,,,,,,,,,,11.804,,,,,,,
S114705-02,,Doushantuo,limestone,,0.36,,,,,,,,,,,,,,,,,,,,,,,,,,,,,,,,,,,,,,,,,,,,,,,,,,12.272,,,,,,,
S114712A-01,,Doushantuo,limestone,,-0.10,,,,,,,,,,,,,,,,,,,,,,,,,,,,,,,,,,,,,,,,,,,,,,,,,,4.405,,,,,,,
,,KD,Dolostone,,4.34,-4.66,,,,,,,,,,,,,,,,,,,,,,,,,,,,,,,,,,,,,-0.8555966,,,,,,,,,,,234.921767,1.82,,,0.234921767,1018.770691,427.0214315,,
,,KD,Dolostone,,4.1,-3.97,,,,,,,,,,,,,,,,,,,,,,,,,,,,,,,,,,,,,-0.4676149,,,,,,,,,,,,1.51,,,0.137306056,1016.080709,207.0128539,,
,,KD,Dolostone,,4.45,-4.14,,,,,,,,,,,,,,,,,,,,,,,,,,,,,,,,,,,,,-0.5526331,,,,,,,,,,,,4.66,,,0.152821385,1026.115464,711.5636993,,
,,KD,Dolostone,,2.43,-1.85,,,,,,,,,,,,,,,,,,,,,,,,,,,,,,,,,,,,,-0.6672457,,,,,,,,,,,,0.61,,,0.323772413,1023.980677,197.5460092,,
,,KD,Dolostone,,1.48,-2.57,,,,,,,,,,,,,,,,,,,,,,,,,,,,,,,,,,,,,-0.6757598,,,,,,,,,,,,2.16,,,0.266394808,1017.86579,574.1879791,,
,,KD,Dolostone,,1.09,-5.31,,,,,,,,,,,,,,,,,,,,,,,,,,,,,,,,,,,,,-0.8260962,,,,,,,,,,,,4.66,,,0.213177622,1018.807076,993.3545064,,
,,KD,Dolostone,,1.38,-2.66,,,,,,,,,,,,,,,,,,,,,,,,,,,,,,,,,,,,,-0.7763239,,,,,,,,,,,,3.54,,,0.376776855,1010.621326,1332.226963,,
,,KD,Dolostone,,1.62,-3.58,,,,,,,,,,,,,,,,,,,,,,,,,,,,,,,,,,,,,-0.9403696,,,,,,,,,,,,1.42,,,0.340288227,987.0849967,483.5931365,,
,,KD,Dolostone,,-1.04,-4.88,,,,,,,,,,,,,,,,,,,,,,,,,,,,,,,,,,,,,-0.8517321,,,,,,,,,,,,3.87,,,0.586187554,965.653903,2266.436929,,
,,KD,Dolostone,,-3.67,-6.78,,,,,,,,,,,,,,,,,,,,,,,,,,,,,,,,,,,,,-0.7654897,,,,,,,,,,,,6.36,,,0.191996095,543.2503218,1221.120202,,
,,KD,Limestone,,-10.2,-8.42,,,,,,,,,,,,,,,,,,,,,,,,,,,,,,,,,,,,,-0.9718789,,,,,,,,,,,,11.97,,,0.206188508,12.00497056,2468.903723,,
,,KD,Limestone,,-10.15,-8.64,,,,,,,,,,,,,,,,,,,,,,,,,,,,,,,,,,,,,-0.8726104,,,,,,,,,,,,7.49,,,0.222213646,17.98790259,1664.376841,,
,,KD,Limestone,,-9.89,-8.48,,,,,,,,,,,,,,,,,,,,,,,,,,,,,,,,,,,,,-0.9730623,,,,,,,,,,,,6.51,,,0.280070064,17.97296989,1823.338683,,
,,KD,Limestone,,-10.04,-8.19,,,,,,,,,,,,,,,,,,,,,,,,,,,,,,,,,,,,,-0.9625608,,,,,,,,,,,,8.16,,,0.24307381,16.55273691,1983.519983,,
,,KD,Dolostone,,7.59,-2.34,,,,,,,,,,,,,,,,,,,,,,,,,,,,,,,,,,,,,-0.3536591,,,,,,,,,,,,4.41,,,0.334421006,1012.447185,1475.183214,,
,,MD,Limestone,,4.59,-9.03,,,,,,,,,,,,,,,,,,,,,,,,,,,,,,,,,,,,,-1.1115843,,,,,,,,,,,,0.94,,,0.284827328,59.8659173,268.6643807,,
,,MD,Limestone,,3.28,-9.19,,,,,,,,,,,,,,,,,,,,,,,,,,,,,,,,,,,,,-1.2638442,,,,,,,,,,,,0.07,,,0.427902941,7.974369472,29.96465234,,
,,MD,Dolostone,,3.89,-5.46,,,,,,,,,,,,,,,,,,,,,,,,,,,,,,,,,,,,,-1.0795884,,,,,,,,,,,,2.29,,,0.452007371,930.5963755,1033.498883,,
,,MD,Dolostone,,4.6,-6.1,,,,,,,,,,,,,,,,,,,,,,,,,,,,,,,,,,,,,-1.0693075,,,,,,,,,,,,18.24,,,0.05359705,979.3354988,977.6551989,,
,,MD,Dolostone,,6.23,-3.22,,,,,,,,,,,,,,,,,,,,,,,,,,,,,,,,,,,,,-1.0751111,,,,,,,,,,,,0.66,,,0.365287002,1000.864192,240.5912625,,
,,MD,Dolostone,,3.61,-4.09,,,,,,,,,,,,,,,,,,,,,,,,,,,,,,,,,,,,,-1.0607878,,,,,,,,,,,,1.17,,,0.189304147,1004.798225,222.2957572,,
,,MD,Dolostone,,4.47,-4.19,,,,,,,,,,,,,,,,,,,,,,,,,,,,,,,,,,,,,-0.4211204,,,,,,,,,,,180.360416,0.39,,,0.180360416,1009.363775,69.77308505,,
,,MD,Dolostone,,2.71,-1.8,,,,,,,,,,,,,,,,,,,,,,,,,,,,,,,,,,,,,-0.3769001,,,,,,,,,,,,1.82,,,0.290269094,969.8556086,527.1184595,,
,,MD,Dolostone,,2.35,-4.07,,,,,,,,,,,,,,,,,,,,,,,,,,,,,,,,,,,,,-0.6811635,,,,,,,,,,,,1.87,,,0.259047459,665.0070722,484.9595202,,
,,MD,Dolostone,,2.49,-2.97,,,,,,,,,,,,,,,,,,,,,,,,,,,,,,,,,,,,,-0.3183646,,,,,,,,,,,,2.16,,,0.245857713,1022.37303,530.6044756,,
,,MD,Dolostone,,5.46,-2.6,,,,,,,,,,,,,,,,,,,,,,,,,,,,,,,,,,,,,-0.6249336,,,,,,,,,,,,0.72,,,0.322987237,1034.350806,231.0632681,,
,,MD,Dolostone,,4.35,-1.17,,,,,,,,,,,,,,,,,,,,,,,,,,,,,,,,,,,,,-0.7357475,,,,,,,,,,,,0.34,,,0.340234786,994.8070015,114.4621217,,
,,MD,Dolostone,,5.74,-3.06,,,,,,,,,,,,,,,,,,,,,,,,,,,,,,,,,,,,,-0.6732329,,,,,,,,,,,,0.24,,,0.512225368,1018.484185,121.768458,,
,,MD,Dolostone,,4.2,-2.26,,,,,,,,,,,,,,,,,,,,,,,,,,,,,,,,,,,,,-0.5644583,,,,,,,,,,,,0.95,,,0.313777743,1018.974366,297.054357,,
,,MD,Dolostone,,2.21,-2.36,,,,,,,,,,,,,,,,,,,,,,,,,,,,,,,,,,,,,-0.6320763,,,,,,,,,,,,2.53,,,0.289321169,989.7502807,733.1330259,,
,,MD,Dolostone,,5.03,-6.19,,,,,,,,,,,,,,,,,,,,,,,,,,,,,,,,,,,,,-0.4944573,,,,,,,,,,,,0.56,,,0.433901221,1000.513079,243.9735655,,
,,MD,Dolostone,,5.29,-6.03,,,,,,,,,,,,,,,,,,,,,,,,,,,,,,,,,,,,,-0.3369618,,,,,,,,,,,,0.55,,,0.374766715,991.6137155,205.2472025,,
,,MD,Dolostone,,-0.17,-7.04,,,,,,,,,,,,,,,,,,,,,,,,,,,,,,,,,,,,,-0.9555686,,,,,,,,,,,,1.41,,,0.233916303,607.5799935,329.8858827,,
,,MD,Dolostone,,2,-5.59,,,,,,,,,,,,,,,,,,,,,,,,,,,,,,,,,,,,,-0.815917,,,,,,,,,,,,2.46,,,0.305511987,761.4963717,752.0671386,,
,,MD,Dolostone,,-0.12,-6.7,,,,,,,,,,,,,,,,,,,,,,,,,,,,,,,,,,,,,-0.6740057,,,,,,,,,,,,7.95,,,0.322638817,997.5885656,2565.125276,,
,,MD,Dolostone,,0.38,-6.91,,,,,,,,,,,,,,,,,,,,,,,,,,,,,,,,,,,,,-0.766409,,,,,,,,,,,,8.37,,,0.206196765,1017.381358,1724.967235,,
,,MD,Dolostone,,1.05,-6.37,,,,,,,,,,,,,,,,,,,,,,,,,,,,,,,,,,,,,-0.6402545,,,,,,,,,,,,0.54,,,0.433563562,1017.253758,236.1105291,,
,,MD,Dolostone,,-0.21,-5.22,,,,,,,,,,,,,,,,,,,,,,,,,,,,,,,,,,,,,-0.6712787,,,,,,,,,,,,2.76,,,0.611957375,981.5313213,1687.043911,,
,,MD,Dolostone,,-5.38,-6.53,,,,,,,,,,,,,,,,,,,,,,,,,,,,,,,,,,,,,-0.6773551,,,,,,,,,,,,4.29,,,0.685338997,971.2999919,2941.942161,,
,,MD,Dolostone,,-8.63,-6.63,,,,,,,,,,,,,,,,,,,,,,,,,,,,,,,,,,,,,-0.844158,,,,,,,,,,,,2.20,,,0.725632157,979.3806474,1597.667502,,
,,MD,Limestone,,-12.02,-8.57,,,,,,,,,,,,,,,,,,,,,,,,,,,,,,,,,,,,,-0.9652022,,,,,,,,,,,,27.26,,,0.191124763,15.50901309,5210.199749,,
,,MD,Limestone,,-11.88,-8.18,,,,,,,,,,,,,,,,,,,,,,,,,,,,,,,,,,,,,-0.9552698,,,,,,,,,,,,10.98,,,0.367678198,13.50116107,4036.455905,,
,,MD,Limestone,,-11.9,-8.46,,,,,,,,,,,,,,,,,,,,,,,,,,,,,,,,,,,,,-0.9462062,,,,,,,,,,,,22.13,,,0.233373046,13.91096001,5163.496514,,
,,MD,Limestone,,-11.23,-8.51,,,,,,,,,,,,,,,,,,,,,,,,,,,,,,,,,,,,,-0.9095945,,,,,,,,,,,,34.30,,,0.210372857,13.91011925,7214.899685,,
,,MD,Limestone,,-10.18,-8.57,,,,,,,,,,,,,,,,,,,,,,,,,,,,,,,,,,,,,-1.0091296,,,,,,,,,,,,11.18,,,0.23784022,13.41200754,2660.120621,,
,,MD,Limestone,,-9.86,-8.24,,,,,,,,,,,,,,,,,,,,,,,,,,,,,,,,,,,,,-0.9266984,,,,,,,,,,,,7.72,,,0.274962906,16.05804127,2122.212847,,
,,MD,Limestone,,-9.82,-8.57,,,,,,,,,,,,,,,,,,,,,,,,,,,,,,,,,,,,,-0.9067893,,,,,,,,,,,,7.50,,,0.280694963,13.66999698,2104.617562,,
,,MD,Limestone,,-9.75,-8.39,,,,,,,,,,,,,,,,,,,,,,,,,,,,,,,,,,,,,-0.8983915,,,,,,,,,,,,8.89,,,0.244343581,15.03098347,2171.350753,,
,,MD,Limestone,,-11.03,-8.72,,,,,,,,,,,,,,,,,,,,,,,,,,,,,,,,,,,,,-0.9800995,,,,,,,,,,,,34.34,,,0.202905113,11.38866225,6968.266931,,
,,MD,Limestone,,-9.95,-8.79,,,,,,,,,,,,,,,,,,,,,,,,,,,,,,,,,,,,,-0.9354637,,,,,,,,,,,,9.83,,,0.258205938,19.66922201,2536.997794,,
,,MD,Limestone,,-9.73,-8.96,,,,,,,,,,,,,,,,,,,,,,,,,,,,,,,,,,,,,-0.8938938,,,,,,,,,,,,3.87,,,0.289956685,18.13095291,1123.081247,,
,,MD,Limestone,,-8.91,-8.76,,,,,,,,,,,,,,,,,,,,,,,,,,,,,,,,,,,,,-0.7508554,,,,,,,,,,,,2.35,,,0.646818597,15.51326,1517.748655,,
,,MD,Limestone,,-8.85,-9.58,,,,,,,,,,,,,,,,,,,,,,,,,,,,,,,,,,,,,-0.8699483,,,,,,,,,,,,7.69,,,0.220948778,10.0730415,1698.760146,,
,,MD,Limestone,,-7.51,-8.33,,,,,,,,,,,,,,,,,,,,,,,,,,,,,,,,,,,,,-0.8118009,,,,,,,,,,,,2.12,,,0.402627491,19.65704712,853.5373182,,
,,MD,Limestone,,-8.89,-7.33,,,,,,,,,,,,,,,,,,,,,,,,,,,,,,,,,,,,,-0.9636084,,,,,,,,,,,,1.96,,,1.011091724,43.19725875,1985.104946,,
,,MD,Limestone,,-7.94,-7.48,,,,,,,,,,,,,,,,,,,,,,,,,,,,,,,,,,,,,-1.2182144,,,,,,,,,,,,1.43,,,1.052869834,37.65651105,1509.675099,,
,,MD,Limestone,,-7.71,-7.8,,,,,,,,,,,,,,,,,,,,,,,,,,,,,,,,,,,,,-1.1206394,,,,,,,,,,,,1.87,,,1.078384687,12.582532,2011.578842,,
,,MD,Limestone,,-6.84,-7.64,,,,,,,,,,,,,,,,,,,,,,,,,,,,,,,,,,,,,-1.2188572,,,,,,,,,,,,8.01,,,0.573211293,21.04521626,4589.14425,,
,,MD,Limestone,,-5.83,-7.68,,,,,,,,,,,,,,,,,,,,,,,,,,,,,,,,,,,,,-1.3941308,,,,,,,,,,,,1.54,,,0.838474105,16.95416616,1289.452406,,
,,MD,Limestone,,-6.72,-6.62,,,,,,,,,,,,,,,,,,,,,,,,,,,,,,,,,,,,,-1.0197574,,,,,,,,,,,,3.77,,,0.692892935,14.57567706,2702.7163,,
,,MD,Limestone,,,,,,,,,,,,,,,,,,,,,,,,,,,,,,,,,,,,,,,,-1.1777989,,,,,,,,,,,,3.82,,,0.717654472,14.54331811,2648.591356,,
,,MD,Limestone,,-7.42,-7.58,,,,,,,,,,,,,,,,,,,,,,,,,,,,,,,,,,,,,-1.2000944,,,,,,,,,,,,4.80,,,0.714993134,16.12331626,3428.711772,,
,,MD,Limestone,,-5.43,-7.57,,,,,,,,,,,,,,,,,,,,,,,,,,,,,,,,,,,,,-1.4639589,,,,,,,,,,,,1.37,,,0.954389192,16.95089375,1304.131014,,
,,MD,Limestone,,-6.04,-7.31,,,,,,,,,,,,,,,,,,,,,,,,,,,,,,,,,,,,,-1.3077321,,,,,,,,,,,,1.28,,,0.890362387,10.09562777,1140.164067,,
,,MD,Dolostone,,-0.66,-6.28,,,,,,,,,,,,,,,,,,,,,,,,,,,,,,,,,,,,,-0.8286792,,,,,,,,,,,,13.08,,,0.298426189,1000.003237,3902.80009,,
,,MD,Dolostone,,1.97,-3.3,,,,,,,,,,,,,,,,,,,,,,,,,,,,,,,,,,,,,-0.6932992,,,,,,,,,,,,3.71,,,0.291670802,1022.858406,1081.64826,,